{
    "run_id": "lightcnn_linear_kl_soft",
    "best_val_loss": 0.81141478438226,
    "best_val_acc": 0.7093253968253969,
    "best_entropy_r": 0.22416649542347172,
    "epochs_completed": 80,
    "train_losses": [
        1.6638163600830322,
        1.4182795742724805,
        1.347040649424208,
        1.2578827596091209,
        1.2196820029552946,
        1.1860089926643576,
        1.16535015118883,
        1.1212062179408175,
        1.1052461815007188,
        1.077111396066686,
        1.054304191723783,
        1.0376610150362582,
        1.015381969670032,
        0.9807551433431342,
        0.96260759266133,
        0.964824729460351,
        0.9512349830028859,
        0.9228656390245925,
        0.9230822159888896,
        0.9105697702220146,
        0.8766736217001652,
        0.8747650340516516,
        0.8584058322805039,
        0.8514789355562088,
        0.8450960520100086,
        0.8228570967912674,
        0.819348377433229,
        0.8132001534104347,
        0.7858614591842003,
        0.784041849222589,
        0.772459346246212,
        0.7651513274362747,
        0.7632971784852921,
        0.7494494670883138,
        0.7301583702259875,
        0.7258954713953302,
        0.7195446922423991,
        0.7021558413163145,
        0.7001588542727714,
        0.6968911673794401,
        0.695415271565001,
        0.6785877356503872,
        0.6664866495956766,
        0.6595818038950575,
        0.6605029196498242,
        0.6438877617425107,
        0.6502420960905704,
        0.6436550114700135,
        0.6334801477954742,
        0.6229470847768986,
        0.611279973482832,
        0.6142550327993453,
        0.602092353428932,
        0.597670390884927,
        0.5951950236203822,
        0.589403102372555,
        0.580360250428636,
        0.5815894004512341,
        0.5813760161399841,
        0.5769296187035581,
        0.5767674519026533,
        0.5678353678989918,
        0.561137097630095,
        0.5656186025193397,
        0.5640373719816513,
        0.5574908384934385,
        0.5536177924021761,
        0.549019972853204,
        0.5461428620396777,
        0.5468102806109063,
        0.5451521011109047,
        0.5444042127817235,
        0.5345877627743051,
        0.5363169418687516,
        0.5359283343274542,
        0.5402118245020826,
        0.5375340951884047,
        0.5418461903612665,
        0.5483957945983461,
        0.5334714108959158
    ],
    "val_losses": [
        1.5625398083338662,
        1.475836059403798,
        1.3578699448752025,
        1.507853528809926,
        1.3360548691144065,
        1.236370925865476,
        1.2169697104938446,
        1.418023713997432,
        1.1941853421075004,
        1.221441047532218,
        1.1812998340243386,
        1.2592711978488498,
        1.2391897685944089,
        1.1129309951312958,
        1.1356571174803234,
        1.163981354425824,
        1.1193310958998544,
        1.0751062101787991,
        1.2111634876992967,
        1.1432963448857505,
        1.0189258531918601,
        1.0939402570800176,
        1.0509906666619437,
        1.0870272753730652,
        1.089790213675726,
        1.0302261426335289,
        0.9619866212209066,
        0.9792093057481069,
        0.9937759051247249,
        1.1061162087652419,
        1.0478995319396731,
        1.0349708757703266,
        0.9804200993643867,
        0.9410827434252179,
        0.9907749408767337,
        1.0708753617983016,
        0.9277719647165329,
        0.9757096502516005,
        0.8867573898936075,
        0.9373143249087863,
        0.9252789389519465,
        0.9258876433448185,
        0.9088561336199442,
        0.9186142815483941,
        0.8749336817907909,
        0.9677583149501255,
        0.8567368028655885,
        0.8696380456288656,
        0.8661845004747785,
        0.856632282336553,
        0.9158008883869837,
        0.8674972927759564,
        0.8808015149737162,
        0.8882203754924592,
        0.8730784034918225,
        0.8505536847644382,
        0.8449525634447733,
        0.8697795035347106,
        0.8258066754492502,
        0.8285124964184232,
        0.8395637179177905,
        0.8272298148700169,
        0.8376469739845821,
        0.8265900356428963,
        0.8247140579753451,
        0.8191654767308917,
        0.8243919374450804,
        0.8210355166404967,
        0.8220989320959363,
        0.8237093180891067,
        0.8188315005529494,
        0.817849655473043,
        0.8152330399505676,
        0.8150467049507868,
        0.8190688566556052,
        0.8181675194747864,
        0.81141478438226,
        0.8178099020132943,
        0.8175391569024041,
        0.8204096167806595
    ],
    "val_accs": [
        0.3630952380952381,
        0.39831349206349204,
        0.45982142857142855,
        0.40674603174603174,
        0.48214285714285715,
        0.5079365079365079,
        0.5188492063492064,
        0.4603174603174603,
        0.527281746031746,
        0.5168650793650794,
        0.5367063492063492,
        0.5173611111111112,
        0.5203373015873016,
        0.5744047619047619,
        0.5699404761904762,
        0.5615079365079365,
        0.5679563492063492,
        0.5649801587301587,
        0.5600198412698413,
        0.5763888888888888,
        0.625,
        0.5853174603174603,
        0.6076388888888888,
        0.589781746031746,
        0.5877976190476191,
        0.6101190476190477,
        0.625,
        0.6279761904761905,
        0.6314484126984127,
        0.59375,
        0.6011904761904762,
        0.6175595238095238,
        0.6329365079365079,
        0.6453373015873016,
        0.6279761904761905,
        0.6036706349206349,
        0.6567460317460317,
        0.6428571428571429,
        0.6681547619047619,
        0.6572420634920635,
        0.6622023809523809,
        0.6532738095238095,
        0.660218253968254,
        0.652281746031746,
        0.6746031746031746,
        0.6438492063492064,
        0.6845238095238095,
        0.6750992063492064,
        0.6830357142857143,
        0.6795634920634921,
        0.6681547619047619,
        0.6736111111111112,
        0.6810515873015873,
        0.6785714285714286,
        0.6755952380952381,
        0.691468253968254,
        0.6944444444444444,
        0.6879960317460317,
        0.6999007936507936,
        0.6989087301587301,
        0.6964285714285714,
        0.6929563492063492,
        0.6870039682539683,
        0.6964285714285714,
        0.6979166666666666,
        0.7033730158730159,
        0.6939484126984127,
        0.6984126984126984,
        0.7043650793650794,
        0.7018849206349206,
        0.7053571428571429,
        0.7093253968253969,
        0.7068452380952381,
        0.7008928571428571,
        0.7073412698412699,
        0.7023809523809523,
        0.7058531746031746,
        0.7058531746031746,
        0.7003968253968254,
        0.7048611111111112
    ],