{
    "run_id": "lightcnn_linear_jsd_soft",
    "best_val_loss": 1.2172488059316362,
    "best_val_acc": 0.689484126984127,
    "best_entropy_r": 0.1988479796654015,
    "epochs_completed": 80,
    "train_losses": [
        2.6953368681542416,
        2.3764547610536533,
        2.229819270524573,
        2.101621498452856,
        2.0329955169495117,
        1.9262719388971938,
        1.8743451668861064,
        1.835889328667458,
        1.7828534879582993,
        1.7639107006661436,
        1.7084998925949664,
        1.6844077363927314,
        1.6237524985632998,
        1.6164499470528135,
        1.5908013420536162,
        1.5523243324553713,
        1.5350446539356353,
        1.4907123991783628,
        1.4952458549053111,
        1.474974973721707,
        1.4417292092074738,
        1.4226217618648043,
        1.3874267428479297,
        1.3531946869606668,
        1.3528755177208718,
        1.3249187393391386,
        1.3087591922029536,
        1.2930492631932522,
        1.2733336934383879,
        1.2543954120037404,
        1.2559699967820595,
        1.2239460811970082,
        1.2283956105721758,
        1.2228384975423203,
        1.1803563405224617,
        1.1864046346633992,
        1.1588503280852704,
        1.1467506175345563,
        1.1407681492731927,
        1.1311135041586897,
        1.1008233829064573,
        1.090992438349318,
        1.1007490735104744,
        1.0697430790738855,
        1.0497222882001958,
        1.0669854517946853,
        1.0245910204471427,
        1.013723428103518,
        1.021075041528712,
        0.9922243610341498,
        1.0011072009801865,
        0.9950128706528786,
        0.971329298742274,
        0.957115536833063,
        0.9602618854730687,
        0.9518372899991401,
        0.9413118578018026,
        0.937118945128106,
        0.934300737178072,
        0.9209319711365598,
        0.9146150233263665,
        0.9051125227136815,
        0.9069251291295315,
        0.8960456350382339,
        0.8938650065597068,
        0.897140530354165,
        0.8781824267291009,
        0.8804712993033389,
        0.8699437983809634,
        0.8739794889029037,
        0.866613636784097,
        0.8529268752070184,
        0.8737441236351399,
        0.8610467593720619,
        0.871835358757922,
        0.855153574746974,
        0.8628712727668437,
        0.8580441256152823,
        0.8488755609760893,
        0.8714246312354473
    ],
    "val_losses": [
        2.6076021307990667,
        2.350969467844282,
        2.5049161494724332,
        2.1730679273605347,
        2.239521439113314,
        2.133880893389384,
        2.0742887561283414,
        2.114801208178202,
        2.0141936635214184,
        1.9739616920077612,
        1.9422120650609334,
        1.8731199256957523,
        1.7924032438369024,
        1.871575013039604,
        1.923825979232788,
        1.9167826705508761,
        2.0757010588570246,
        1.7179156825655983,
        1.6684076540053836,
        1.6747062698243156,
        1.637546666084774,
        1.862847434149848,
        1.6216235577114044,
        1.5892860321771531,
        1.5554731630143666,
        1.568572789903671,
        1.6737151978507874,
        1.8473350566530984,
        1.5933880616748144,
        1.5410963069824946,
        1.5689509444766574,
        1.5962547016522242,
        1.5644271752190968,
        1.4626439346207514,
        1.4901044330899678,
        1.4449166040571908,
        1.4322515886927407,
        1.4454865115029472,
        1.4311481430417015,
        1.3957392412518699,
        1.3736655049853854,
        1.3840150719597226,
        1.4106816980573866,
        1.389174789663345,
        1.3733625184921991,
        1.4257530749790253,
        1.3963291408523681,
        1.344759480347709,
        1.3359544031203738,
        1.4194935389927454,
        1.3053900713012332,
        1.298387712902493,
        1.3261504920702132,
        1.2920851064106775,
        1.2798828189335172,
        1.3720425972862849,
        1.2874625230592394,
        1.2595935444983224,
        1.2897322263036455,
        1.270523402425978,
        1.270910882760608,
        1.2472551389346047,
        1.2372839289998252,
        1.2487646511622839,
        1.252948672998519,
        1.245458440175132,
        1.2317390593271407,
        1.2275891568925645,
        1.227134817176395,
        1.233118072388664,
        1.2239966837186662,
        1.2254601206098283,
        1.2172488059316362,
        1.2345514931376018,
        1.2332662410206265,
        1.2254753207403517,
        1.2206551328537956,
        1.2175772549614075,
        1.2225535833646382,
        1.2174512431735085
    ],
    "val_accs": [
        0.3298611111111111,
        0.3878968253968254,
        0.36755952380952384,
        0.44742063492063494,
        0.4176587301587302,
        0.44642857142857145,
        0.4861111111111111,
        0.45634920634920634,
        0.49255952380952384,
        0.503968253968254,
        0.501984126984127,
        0.5153769841269841,
        0.5391865079365079,
        0.5153769841269841,
        0.5094246031746031,
        0.5163690476190477,
        0.4905753968253968,
        0.5520833333333334,
        0.5734126984126984,
        0.5654761904761905,
        0.5783730158730159,
        0.5362103174603174,
        0.5843253968253969,
        0.5922619047619048,
        0.597718253968254,
        0.5922619047619048,
        0.5773809523809523,
        0.5386904761904762,
        0.6016865079365079,
        0.6016865079365079,
        0.6091269841269841,
        0.6016865079365079,
        0.6071428571428571,
        0.6235119047619048,
        0.6111111111111112,
        0.628968253968254,
        0.6334325396825397,
        0.6329365079365079,
        0.6304563492063492,
        0.6398809523809523,
        0.6517857142857143,
        0.6463293650793651,
        0.6498015873015873,
        0.6329365079365079,
        0.6398809523809523,
        0.628968253968254,
        0.6398809523809523,
        0.6557539682539683,
        0.6473214285714286,
        0.6334325396825397,
        0.6661706349206349,
        0.6631944444444444,
        0.6473214285714286,
        0.6661706349206349,
        0.6656746031746031,
        0.6423611111111112,
        0.6656746031746031,
        0.6617063492063492,
        0.6671626984126984,
        0.6750992063492064,
        0.6711309523809523,
        0.6780753968253969,
        0.6770833333333334,
        0.6731150793650794,
        0.6746031746031746,
        0.6795634920634921,
        0.6815476190476191,
        0.6865079365079365,
        0.6870039682539683,
        0.6780753968253969,
        0.6805555555555556,
        0.6805555555555556,
        0.6875,
        0.6850198412698413,
        0.6795634920634921,
        0.689484126984127,
        0.6865079365079365,
        0.6810515873015873,
        0.6795634920634921,
        0.6830357142857143
    ],