{
    "run_id": "lightcnn_linear_entropy_penalty_soft",
    "best_val_loss": 0.8744933936331007,
    "best_val_acc": 0.720734126984127,
    "best_entropy_r": 0.2088934695184975,
    "epochs_completed": 80,
    "train_losses": [
        1.8210416569354686,
        1.5928052334075278,
        1.476600819445671,
        1.4053005468338093,
        1.3506754059740838,
        1.29338301876758,
        1.2634672208669337,
        1.2239514617843832,
        1.2198516149470147,
        1.1790936341945162,
        1.173753745695378,
        1.123163328525868,
        1.1216849465953542,
        1.0951771073518914,
        1.0533446292293833,
        1.0485267074818307,
        1.0383034538715443,
        1.0128805754666632,
        1.002486563426383,
        0.9805992521504139,
        0.9619739128554121,
        0.9480993839654517,
        0.948820338604298,
        0.9235835351208423,
        0.9171169403385608,
        0.8843019918558446,
        0.8866336745150546,
        0.8866912310427808,
        0.8576408600870599,
        0.8536152620898917,
        0.8368097654682525,
        0.820438248204424,
        0.8157047835436273,
        0.8060888112225431,
        0.7981531662826843,
        0.7876528092521302,
        0.7837539144018864,
        0.7760763946682849,
        0.7662001493129325,
        0.7546542637208675,
        0.7502102813822158,
        0.7399354435979052,
        0.731301485699542,
        0.7278141886629956,
        0.7186225947547467,
        0.7068358659744263,
        0.6974788951746961,
        0.6776605792185093,
        0.6899332486568613,
        0.6723104742296199,
        0.6849140047709993,
        0.671135960107154,
        0.6595320761837857,
        0.6436380111473672,
        0.6511299308944256,
        0.641834483660282,
        0.6376929736517846,
        0.6296751025192281,
        0.6369964745133481,
        0.6332419595502793,
        0.6181480068158596,
        0.6109454568396223,
        0.6178134083747864,
        0.6044183344917095,
        0.6026316847889981,
        0.6053780426687383,
        0.6052872192986468,
        0.5899276961671546,
        0.5871455583800661,
        0.5848557338752645,
        0.6007466359024353,
        0.591283953094736,
        0.5937647531007199,
        0.5951087882227086,
        0.5896702345381392,
        0.5854315012693405,
        0.5821999111708175,
        0.5850917796822305,
        0.5801020668859177,
        0.5831795964152255
    ],
    "val_losses": [
        1.9185708174629816,
        1.6376022441046578,
        1.8906652208358523,
        1.4519673510203286,
        1.4618256792189583,
        1.4583337420508975,
        1.523595206321232,
        1.4504427304343572,
        1.3466446532143488,
        1.4255136658274938,
        1.2655086224041288,
        1.3095755227028378,
        1.3917974082250444,
        1.317435414072067,
        1.1854598266737801,
        1.2848856392360868,
        1.1831436024771795,
        1.1891221905511522,
        1.2188859667096819,
        1.3827246834361364,
        1.285493166673751,
        1.1209133976981753,
        1.186398406823476,
        1.1652901276709542,
        1.1606926435515994,
        1.2068825487106565,
        1.1535008984898765,
        1.125165651714991,
        1.0580572949515448,
        1.1117211173451136,
        1.0803874995973375,
        1.0205602002522303,
        1.0845449708756947,
        1.0451481928901067,
        1.0701196486987765,
        1.0038979706310092,
        1.1625065462929862,
        1.0225521524747212,
        1.0006888414186144,
        1.0121631962912423,
        1.0074866243771143,
        1.0081230241154868,
        1.0049818205454992,
        1.026003881106301,
        0.9718254341019524,
        0.9778252054774572,
        0.9491400434857323,
        0.9826636484691075,
        0.9333691332075331,
        0.9670093154150342,
        0.9227831543438019,
        0.9542803423745292,
        0.9239512246752543,
        0.9171580596575661,
        0.9358932934110127,
        0.8934176166852316,
        0.9146562360581898,
        0.9023409826414925,
        0.9240621829789782,
        0.9039382395290193,
        0.9028146825139485,
        0.8906064974883247,
        0.9027949552687388,
        0.8938356571727328,
        0.8916434768646483,
        0.8913300046845088,
        0.8775100731660449,
        0.8874087239068652,
        0.8836208118332757,
        0.8799035937067062,
        0.8840401011800009,
        0.8827787316034711,
        0.8762352059757899,
        0.8802266281748575,
        0.8794058712701949,
        0.8819103534259494,
        0.8753776067779178,
        0.8765432910313682,
        0.8787014143807548,
        0.8744933936331007
    ],
    "val_accs": [
        0.32936507936507936,
        0.4052579365079365,
        0.35466269841269843,
        0.47668650793650796,
        0.46577380952380953,
        0.47867063492063494,
        0.46924603174603174,
        0.5079365079365079,
        0.5357142857142857,
        0.5322420634920635,
        0.5530753968253969,
        0.5466269841269841,
        0.5267857142857143,
        0.5649801587301587,
        0.5863095238095238,
        0.5505952380952381,
        0.5838293650793651,
        0.5892857142857143,
        0.5773809523809523,
        0.5451388888888888,
        0.5689484126984127,
        0.5982142857142857,
        0.5972222222222222,
        0.6006944444444444,
        0.6041666666666666,
        0.5902777777777778,
        0.6071428571428571,
        0.6220238095238095,
        0.6383928571428571,
        0.6324404761904762,
        0.6463293650793651,
        0.660218253968254,
        0.626984126984127,
        0.6517857142857143,
        0.6304563492063492,
        0.6691468253968254,
        0.6225198412698413,
        0.6577380952380952,
        0.6686507936507936,
        0.6597222222222222,
        0.6686507936507936,
        0.6572420634920635,
        0.6592261904761905,
        0.6790674603174603,
        0.6924603174603174,
        0.6741071428571429,
        0.6989087301587301,
        0.6770833333333334,
        0.6924603174603174,
        0.6830357142857143,
        0.7023809523809523,
        0.685515873015873,
        0.691468253968254,
        0.6974206349206349,
        0.685515873015873,
        0.7127976190476191,
        0.7063492063492064,
        0.7073412698412699,
        0.7003968253968254,
        0.7103174603174603,
        0.7127976190476191,
        0.7157738095238095,
        0.7098214285714286,
        0.7098214285714286,
        0.720734126984127,
        0.7078373015873016,
        0.7192460317460317,
        0.7172619047619048,
        0.7152777777777778,
        0.716765873015873,
        0.7192460317460317,
        0.7172619047619048,
        0.7182539682539683,
        0.7157738095238095,
        0.7157738095238095,
        0.7142857142857143,
        0.7157738095238095,
        0.7152777777777778,
        0.714781746031746,
        0.716765873015873
    ],