{
    "run_id": "resnet20_linear_kl_soft",
    "best_val_loss": 0.7609272173472813,
    "best_val_acc": 0.7663690476190477,
    "best_entropy_r": 0.2656449964907357,
    "epochs_completed": 56,
    "train_losses": [
        1.7188534914179052,
        1.4825681923551763,
        1.367830696258139,
        1.2754696794646851,
        1.2005928478976513,
        1.1309131231713803,
        1.0711583777311,
        1.0265283667026681,
        0.9946757621587591,
        0.9460847606050208,
        0.9155930141185192,
        0.8735048548972353,
        0.8446879291788061,
        0.8031874742913754,
        0.7708759303105638,
        0.7562439725437062,
        0.7127641398221889,
        0.7068447113988248,
        0.6768629574712287,
        0.6460305330284098,
        0.6405950022187639,
        0.6133895976112244,
        0.5969047920500978,
        0.5792900878698268,
        0.5613052651603171,
        0.542507419402295,
        0.5234236230558538,
        0.5011904681933687,
        0.4971294401490942,
        0.4880036225027226,
        0.4608396311548162,
        0.45461843598713264,
        0.44132801081905976,
        0.4261752038084446,
        0.41367562289567705,
        0.3966755043477454,
        0.3943855974109883,
        0.3737251586577994,
        0.3641337120628103,
        0.357024582538833,
        0.3427857860447244,
        0.3303454886884131,
        0.31578919148825585,
        0.3162289273707157,
        0.2948302323038274,
        0.2905464735912516,
        0.2927119119211714,
        0.28896209324135425,
        0.273806345510356,
        0.2595955259860196,
        0.25750340323181864,
        0.24465418694184182,
        0.2510455070816456,
        0.24204264363234348,
        0.22599821442619283,
        0.22292990546594274
    ],
    "val_losses": [
        1.6544575312780956,
        1.6337269752744645,
        1.385323687205239,
        1.3563542025429862,
        1.3066771077731298,
        1.2549916922100006,
        1.3402710585367112,
        1.1492345096572998,
        1.1040315760506525,
        1.256182038594806,
        1.0045100403210474,
        1.048785029895722,
        0.9830403233331347,
        1.019366050523425,
        0.9608613725692506,
        0.9472261544257875,
        0.9330279704124208,
        0.9134782803437066,
        0.8588712087699345,
        0.8476903694016593,
        0.8403017927729894,
        0.94610552655326,
        0.8655904011120872,
        0.8640662199921079,
        0.8948830058650364,
        0.8512360964502607,
        0.8398028408724164,
        0.7979268403280348,
        0.8129161747675093,
        0.8529235328000689,
        0.78924341854595,
        0.8443674776289198,
        0.8078696954817999,
        0.7827888750840747,
        0.8197629044926356,
        0.7609272173472813,
        0.7891196324711754,
        0.8890422502207378,
        0.803275232750272,
        0.7826236770266578,
        0.8081040448612637,
        0.8397790136791411,
        0.8157244111810412,
        0.8086333837774065,
        0.8491845897265843,
        0.8026798769595131,
        0.8344998127884335,
        0.8258653330424476,
        0.7912756057958754,
        0.8155451856908345,
        0.8007733656300439,
        0.7816959964850593,
        0.8188670750648256,
        0.7946131953171321,
        0.7715323259906163,
        0.7703185526151506
    ],
    "val_accs": [
        0.3209325396825397,
        0.38095238095238093,
        0.4365079365079365,
        0.470734126984127,
        0.49007936507936506,
        0.5143849206349206,
        0.5089285714285714,
        0.5491071428571429,
        0.5724206349206349,
        0.5595238095238095,
        0.6170634920634921,
        0.5972222222222222,
        0.6463293650793651,
        0.6240079365079365,
        0.6408730158730159,
        0.65625,
        0.6567460317460317,
        0.6631944444444444,
        0.6875,
        0.6909722222222222,
        0.7013888888888888,
        0.6691468253968254,
        0.7003968253968254,
        0.685515873015873,
        0.6919642857142857,
        0.7043650793650794,
        0.7192460317460317,
        0.7232142857142857,
        0.722718253968254,
        0.7127976190476191,
        0.7301587301587301,
        0.720734126984127,
        0.7326388888888888,
        0.7247023809523809,
        0.7232142857142857,
        0.7445436507936508,
        0.7351190476190477,
        0.7192460317460317,
        0.7450396825396826,
        0.7435515873015873,
        0.7485119047619048,
        0.7306547619047619,
        0.7450396825396826,
        0.7375992063492064,
        0.7291666666666666,
        0.7614087301587301,
        0.751984126984127,
        0.751984126984127,
        0.7534722222222222,
        0.748015873015873,
        0.7490079365079365,
        0.7564484126984127,
        0.7549603174603174,
        0.7663690476190477,
        0.7604166666666666,
        0.7614087301587301
    ],
    "val_entropy_rs": [
        0.04642218356568309,
        0.10436078787816414,
        0.12359585846932877,
        0.11517312851861322,
        0.14997687498895157,
        0.14566256514993528,
        0.125124320055068,
        0.1640540524941902,
        0.17403796943481092,
        0.17071504538479076,
        0.18661281267086804,
        0.1646441496529758,
        0.19368943656830465,
        0.20679191190886984,
        0.21157620537182278,
        0.20879766154747487,
        0.2000281709812736,
        0.22322578912650043,
        0.2455488650475035,
        0.24396344404627615,
        0.22781381809002788,
        0.2001775742668964,
        0.22889168452755812,
        0.23619428051473124,
        0.23871785528123718,
        0.2419561095803309,
        0.2268672459171316,
        0.24971934404416266,
        0.23589151163389271,
        0.24058558569132912,
        0.2496133076098301,
        0.23160664663619665,
        0.27437037671225406,
        0.26792500273940345,
        0.25449510974738593,
        0.2656449964907357,
        0.2731835042451868,
        0.25057421357409715,
        0.24799722116618442,
        0.26564187312381377,
        0.2556749601037171,
        0.2710328018241971,
        0.2522523975226339,
        0.27776499815908023,
        0.2846419697330215,
        0.2703497035418946,
        0.26417029707585094,
        0.25355515328943823,
        0.2542872792525461,
        0.28494993050572526,
        0.2599736060189598,
        0.25886157839202417,
        0.2635826388747386,
        0.24285937344193093,
        0.2794369314990593,
        0.27267995013273966
    ]
}