{
    "run_id": "resnet20_linear_entropy_penalty_soft",
    "best_val_loss": 0.8302827122665587,
    "best_val_acc": 0.7604166666666666,
    "best_entropy_r": 0.25947402533356306,
    "epochs_completed": 69,
    "train_losses": [
        1.9059793460876384,
        1.6317370216897193,
        1.5038728498397989,
        1.3921779828502776,
        1.3185528256791703,
        1.2269404061297153,
        1.1747583848364809,
        1.119919311810047,
        1.067163701387162,
        1.0316219329833984,
        0.9872728094775626,
        0.9625703308810579,
        0.9116329027617232,
        0.9014437959549275,
        0.8491939006650702,
        0.8234036715423807,
        0.804201361188229,
        0.7733492210824439,
        0.7494905643323635,
        0.7354800667851529,
        0.7141408061093473,
        0.6803391391926623,
        0.6580138886545567,
        0.6558975357007473,
        0.6212563221441939,
        0.5910910924381398,
        0.5782190073043743,
        0.5670959537333631,
        0.5433223876071737,
        0.5405886951596179,
        0.5197564040092711,
        0.49544205342201475,
        0.4945871474102457,
        0.46477981965909615,
        0.4550013820383143,
        0.4314573197130193,
        0.4269945333771249,
        0.41836067748830674,
        0.4053450162581941,
        0.3941302484178797,
        0.3863626539390138,
        0.37176315177311287,
        0.36130609751698817,
        0.35665714320667247,
        0.3352530813439095,
        0.3222815250145628,
        0.32536014581614353,
        0.31204973470340386,
        0.314213189276609,
        0.2946756541966758,
        0.2924552134614676,
        0.27824720637278355,
        0.26807081132651644,
        0.26676636811425075,
        0.24482861989514626,
        0.25148943042818533,
        0.2523055591402536,
        0.23712390029129196,
        0.23713889496123536,
        0.22335950301048604,
        0.23065023033067267,
        0.2181257133154159,
        0.2170427128514077,
        0.20500570690219708,
        0.21190825489131696,
        0.20375567111880222,
        0.20319167393794718,
        0.20108810542745792,
        0.19714548109852253
    ],
    "val_losses": [
        1.8496427876608712,
        1.8892152877081008,
        1.4943224078132993,
        1.4052499088030013,
        1.4587961435317993,
        1.3053847958171179,
        1.2126631367774237,
        1.2308846220137581,
        1.2451260439933292,
        1.16327908209392,
        1.0993522131253803,
        1.3545898104470873,
        1.2765042497998191,
        1.0596904158592224,
        1.2030940519438849,
        1.2627432828857785,
        1.0178321760798257,
        0.9788376670035105,
        1.0568340723476712,
        1.1137822100094386,
        0.9350780182414584,
        0.9898967326633514,
        0.9769462607209645,
        0.9200004727121384,
        0.899106572544764,
        0.9607729708391523,
        0.9595554423710656,
        0.8488153961915819,
        0.9598143975886088,
        1.0074256620709858,
        0.9639889758730692,
        0.9320496339646597,
        0.8870001586656722,
        0.856280688728605,
        0.9268086126872471,
        0.9370296271074385,
        0.8752583629555173,
        0.8493501562920828,
        0.8572691087684934,
        0.9247311741586716,
        0.8856440229075295,
        0.8792101490119147,
        1.0048806880201613,
        0.8782933127312433,
        0.8389723816561321,
        0.8708165250127278,
        0.8534331510937403,
        0.8570796620278132,
        0.8302827122665587,
        0.8591716672692981,
        0.9035746289624108,
        0.850855558164536,
        0.8547037868272691,
        0.8876414686914474,
        0.8705873304889316,
        0.841331707579749,
        0.9010823257858791,
        0.8744962414105734,
        0.8364649060226622,
        0.8531079427117393,
        0.8596268350642825,
        0.8568343964834062,
        0.8521202906729684,
        0.8572722772757212,
        0.8449493878417544,
        0.8552014482399773,
        0.8505607762980083,
        0.8645844180432577,
        0.8578469840780137
    ],
    "val_accs": [
        0.3402777777777778,
        0.341765873015873,
        0.4429563492063492,
        0.49404761904761907,
        0.498015873015873,
        0.533234126984127,
        0.5545634920634921,
        0.5639880952380952,
        0.5679563492063492,
        0.591765873015873,
        0.6135912698412699,
        0.5659722222222222,
        0.5704365079365079,
        0.6284722222222222,
        0.6101190476190477,
        0.59375,
        0.6458333333333334,
        0.6656746031746031,
        0.6463293650793651,
        0.6493055555555556,
        0.6994047619047619,
        0.6805555555555556,
        0.6830357142857143,
        0.6954365079365079,
        0.7003968253968254,
        0.6840277777777778,
        0.7033730158730159,
        0.7172619047619048,
        0.6994047619047619,
        0.7053571428571429,
        0.6845238095238095,
        0.7127976190476191,
        0.7212301587301587,
        0.7331349206349206,
        0.7182539682539683,
        0.716765873015873,
        0.71875,
        0.7336309523809523,
        0.7361111111111112,
        0.7261904761904762,
        0.7301587301587301,
        0.7465277777777778,
        0.7232142857142857,
        0.7465277777777778,
        0.7415674603174603,
        0.7400793650793651,
        0.7430555555555556,
        0.7450396825396826,
        0.7465277777777778,
        0.7425595238095238,
        0.7450396825396826,
        0.7495039682539683,
        0.7435515873015873,
        0.7415674603174603,
        0.7485119047619048,
        0.7604166666666666,
        0.7514880952380952,
        0.7559523809523809,
        0.7490079365079365,
        0.7529761904761905,
        0.7554563492063492,
        0.7470238095238095,
        0.746031746031746,
        0.7514880952380952,
        0.753968253968254,
        0.7544642857142857,
        0.7559523809523809,
        0.75,
        0.7559523809523809
    ],