{
    "run_id": "resnet20_linear_jsd_soft",
    "best_val_loss": 0.95773531614788,
    "best_val_acc": 0.7549603174603174,
    "best_entropy_r": 0.17517136661003416,
    "epochs_completed": 80,
    "train_losses": [
        2.75109042639428,
        2.4017018840668047,
        2.1865331562275583,
        2.061830281577212,
        1.9394753328029146,
        1.8457284557058455,
        1.7655820364647723,
        1.6772719596294647,
        1.6429591369121632,
        1.5854530543723004,
        1.5473626994706215,
        1.4678147298858522,
        1.4223685527735568,
        1.3789975375254104,
        1.338011957229452,
        1.3058309780156359,
        1.2836829832893737,
        1.230447735241119,
        1.2002543905313978,
        1.1694044733935214,
        1.1605703713411981,
        1.0916861853701003,
        1.081995516064319,
        1.0326075709246574,
        1.0063887184604685,
        0.9930454148574078,
        0.9524650976378867,
        0.9333218810089091,
        0.9104591631825935,
        0.9015361845810362,
        0.8574832227635891,
        0.8379702025905569,
        0.8308348035875787,
        0.7751682923829302,
        0.764211008047804,
        0.7297166481297067,
        0.7295678498897147,
        0.70228943514063,
        0.6629704373314026,
        0.653319647654574,
        0.635504881474883,
        0.6431121045446142,
        0.6268103419149176,
        0.5814068042375939,
        0.5863385319392732,
        0.5761043464249753,
        0.5463808961212635,
        0.5367541902876914,
        0.5007146031774105,
        0.5084181997053167,
        0.48041478821888883,
        0.48112528565082147,
        0.4665057202999262,
        0.45559425604470233,
        0.44528112294984623,
        0.4397582105024064,
        0.40460323645396434,
        0.41543533490534795,
        0.40796742239531053,
        0.3935061155005972,
        0.38693817373999256,
        0.39044740443375514,
        0.36374880646930097,
        0.3760111012119562,
        0.3623728094265816,
        0.3511395083462938,
        0.3508038271931892,
        0.34697886362196284,
        0.34657652489840984,
        0.33481334011129876,
        0.3410384012980664,
        0.32791822391780134,
        0.3224708720486849,
        0.31539240273389413,
        0.3172386543468592,
        0.322219122399358,
        0.31656267392904835,
        0.31569990919942553,
        0.32722187684254445,
        0.32770935973112886
    ],
    "val_losses": [
        2.713534498971606,
        2.3920729368452043,
        2.246965563486493,
        2.3183776499733093,
        2.0721866781749423,
        1.9445207610962882,
        1.7988016756754073,
        1.8064292215165638,
        1.9624932966535054,
        1.7691581476302374,
        1.7466477269218081,
        1.579235900016058,
        1.6634699229210141,
        1.6460625235996549,
        1.4984491117416867,
        1.5299483215998089,
        1.502951170716967,
        1.5182131632925973,
        1.4673526561449444,
        1.3707354049833993,
        1.3550134376874046,
        1.3134558210297236,
        1.4092543806348528,
        1.3331636360713415,
        1.3896886195455278,
        1.2202309417346167,
        1.2665850529595026,
        1.1983235137803214,
        1.260875131402697,
        1.216787119233419,
        1.2034309629410032,
        1.212859420549302,
        1.326477973234086,
        1.2229841767795502,
        1.138994552786388,
        1.1061194113322668,
        1.1043337517314487,
        1.2192090040161496,
        1.12124160357884,
        1.1477803748751443,
        1.1281039941878546,
        1.1200643389944047,
        1.048492513951801,
        1.1057312479094854,
        1.073965731121245,
        1.0546275386734614,
        1.0163680972561004,
        1.0446528404478044,
        1.0252477810496377,
        1.0471930040253534,
        1.0250376117607904,
        1.0261285503705342,
        1.0298527247375913,
        0.9994990759425693,
        1.03716931929664,
        1.0008629735500094,
        0.9907312114087362,
        0.9918664807365054,
        0.9922541408311754,
        1.007151430561429,
        0.9926668774513971,
        0.9713915236412533,
        0.9619798612973046,
        0.9979403454159933,
        0.9730122874653528,
        0.9761530648148249,
        0.9929226859221383,
        0.9730956034054832,
        0.9753071263669029,
        0.9642467612311953,
        0.9738190798532396,
        0.9727073387494163,
        0.9714770326538692,
        0.9667896193171305,
        0.9713707410153889,
        0.95773531614788,
        0.9681110462499043,
        0.9655008685021174,
        0.9653370555431123,
        0.967136990456354
    ],
    "val_accs": [
        0.2961309523809524,
        0.36755952380952384,
        0.41418650793650796,
        0.40228174603174605,
        0.46378968253968256,
        0.49206349206349204,
        0.527281746031746,
        0.5153769841269841,
        0.4935515873015873,
        0.5431547619047619,
        0.5421626984126984,
        0.5838293650793651,
        0.566468253968254,
        0.5739087301587301,
        0.6220238095238095,
        0.6081349206349206,
        0.6036706349206349,
        0.6031746031746031,
        0.6225198412698413,
        0.6418650793650794,
        0.65625,
        0.6597222222222222,
        0.6369047619047619,
        0.6502976190476191,
        0.6428571428571429,
        0.6765873015873016,
        0.6646825396825397,
        0.691468253968254,
        0.6681547619047619,
        0.6805555555555556,
        0.6850198412698413,
        0.6830357142857143,
        0.6626984126984127,
        0.6865079365079365,
        0.7008928571428571,
        0.7108134920634921,
        0.7063492063492064,
        0.6790674603174603,
        0.7033730158730159,
        0.7197420634920635,
        0.7078373015873016,
        0.7192460317460317,
        0.7261904761904762,
        0.714781746031746,
        0.7251984126984127,
        0.7242063492063492,
        0.7395833333333334,
        0.7276785714285714,
        0.7316468253968254,
        0.7291666666666666,
        0.7371031746031746,
        0.7375992063492064,
        0.7351190476190477,
        0.7420634920634921,
        0.7346230158730159,
        0.7395833333333334,
        0.7425595238095238,
        0.7445436507936508,
        0.7425595238095238,
        0.7390873015873016,
        0.75,
        0.7504960317460317,
        0.753968253968254,
        0.7366071428571429,
        0.7470238095238095,
        0.746031746031746,
        0.7395833333333334,
        0.7440476190476191,
        0.7485119047619048,
        0.7544642857142857,
        0.746031746031746,
        0.7529761904761905,
        0.75,
        0.7509920634920635,
        0.7509920634920635,
        0.7514880952380952,
        0.7549603174603174,
        0.75,
        0.7514880952380952,
        0.753968253968254
    ],